math_mae,writing_mae
10.114510230821482,9.985633037807434
